timestamp,rank_index,part_name,expected_keep_videos,remote_files,status,kept_count,skipped_existing,missing_count,missing_preview,error
2026-05-20T16:18:28,1,part1,1131,OpenVidHD_part_1.zip,dry_run,0,0,0,,
2026-05-20T16:18:28,2,part4,1125,OpenVidHD_part_4.zip,dry_run,0,0,0,,
2026-05-20T16:18:28,3,part2,1102,OpenVidHD_part_2.zip,dry_run,0,0,0,,
2026-05-20T16:18:28,4,part5,1101,OpenVidHD_part_5.zip,dry_run,0,0,0,,
2026-05-20T16:18:28,5,part3,1099,OpenVidHD_part_3.zip,dry_run,0,0,0,,
2026-05-20T16:18:28,6,part6,991,OpenVidHD_part_6.zip,dry_run,0,0,0,,
2026-05-20T16:18:28,7,part7,923,OpenVidHD_part_7.zip,dry_run,0,0,0,,
2026-05-20T16:18:28,8,part8,897,OpenVidHD_part_8.zip,dry_run,0,0,0,,
2026-05-20T16:18:28,9,part10,879,OpenVidHD_part_10.zip,dry_run,0,0,0,,
2026-05-20T16:18:28,10,part12,865,OpenVidHD_part_12.zip,dry_run,0,0,0,,
